## 简单的查询

所有命令在 `learn` 数据库下进行，包含三张表。

```
mysql> show tables;
+-----------------+
| Tables_in_learn |
+-----------------+
| dept            |
| emp             |
| salgrade        |
+-----------------+
3 rows in set (0.00 sec)
```

数据库脚本：

```mysql
DROP TABLE IF EXISTS EMP;
DROP TABLE IF EXISTS DEPT;
DROP TABLE IF EXISTS SALGRADE;

CREATE TABLE DEPT
       (DEPTNO int(2) not null ,
	DNAME VARCHAR(14) ,
	LOC VARCHAR(13),
	primary key (DEPTNO)
	);
CREATE TABLE EMP
       (EMPNO int(4)  not null ,
	ENAME VARCHAR(10),
	JOB VARCHAR(9),
	MGR INT(4),
	HIREDATE DATE  DEFAULT NULL,
	SAL DOUBLE(7,2),
	COMM DOUBLE(7,2),
	primary key (EMPNO),
	DEPTNO INT(2) 
	)
	;

CREATE TABLE SALGRADE
      ( GRADE INT,
	LOSAL INT,
	HISAL INT );




INSERT INTO DEPT ( DEPTNO, DNAME, LOC ) VALUES ( 
10, 'ACCOUNTING', 'NEW YORK'); 
INSERT INTO DEPT ( DEPTNO, DNAME, LOC ) VALUES ( 
20, 'RESEARCH', 'DALLAS'); 
INSERT INTO DEPT ( DEPTNO, DNAME, LOC ) VALUES ( 
30, 'SALES', 'CHICAGO'); 
INSERT INTO DEPT ( DEPTNO, DNAME, LOC ) VALUES ( 
40, 'OPERATIONS', 'BOSTON'); 
commit;
 
INSERT INTO EMP ( EMPNO, ENAME, JOB, MGR, HIREDATE, SAL, COMM,
DEPTNO ) VALUES ( 
7369, 'SMITH', 'CLERK', 7902,  '1980-12-17'
, 800, NULL, 20); 
INSERT INTO EMP ( EMPNO, ENAME, JOB, MGR, HIREDATE, SAL, COMM,
DEPTNO ) VALUES ( 
7499, 'ALLEN', 'SALESMAN', 7698,  '1981-02-20'
, 1600, 300, 30); 
INSERT INTO EMP ( EMPNO, ENAME, JOB, MGR, HIREDATE, SAL, COMM,
DEPTNO ) VALUES ( 
7521, 'WARD', 'SALESMAN', 7698,  '1981-02-22'
, 1250, 500, 30); 
INSERT INTO EMP ( EMPNO, ENAME, JOB, MGR, HIREDATE, SAL, COMM,
DEPTNO ) VALUES ( 
7566, 'JONES', 'MANAGER', 7839,  '1981-04-02'
, 2975, NULL, 20); 
INSERT INTO EMP ( EMPNO, ENAME, JOB, MGR, HIREDATE, SAL, COMM,
DEPTNO ) VALUES ( 
7654, 'MARTIN', 'SALESMAN', 7698,  '1981-09-28'
, 1250, 1400, 30); 
INSERT INTO EMP ( EMPNO, ENAME, JOB, MGR, HIREDATE, SAL, COMM,
DEPTNO ) VALUES ( 
7698, 'BLAKE', 'MANAGER', 7839,  '1981-05-01'
, 2850, NULL, 30); 
INSERT INTO EMP ( EMPNO, ENAME, JOB, MGR, HIREDATE, SAL, COMM,
DEPTNO ) VALUES ( 
7782, 'CLARK', 'MANAGER', 7839,  '1981-06-09'
, 2450, NULL, 10); 
INSERT INTO EMP ( EMPNO, ENAME, JOB, MGR, HIREDATE, SAL, COMM,
DEPTNO ) VALUES ( 
7788, 'SCOTT', 'ANALYST', 7566,  '1987-04-19'
, 3000, NULL, 20); 
INSERT INTO EMP ( EMPNO, ENAME, JOB, MGR, HIREDATE, SAL, COMM,
DEPTNO ) VALUES ( 
7839, 'KING', 'PRESIDENT', NULL,  '1981-11-17'
, 5000, NULL, 10); 
INSERT INTO EMP ( EMPNO, ENAME, JOB, MGR, HIREDATE, SAL, COMM,
DEPTNO ) VALUES ( 
7844, 'TURNER', 'SALESMAN', 7698,  '1981-09-08'
, 1500, 0, 30); 
INSERT INTO EMP ( EMPNO, ENAME, JOB, MGR, HIREDATE, SAL, COMM,
DEPTNO ) VALUES ( 
7876, 'ADAMS', 'CLERK', 7788,  '1987-05-23'
, 1100, NULL, 20); 
INSERT INTO EMP ( EMPNO, ENAME, JOB, MGR, HIREDATE, SAL, COMM,
DEPTNO ) VALUES ( 
7900, 'JAMES', 'CLERK', 7698,  '1981-12-03'
, 950, NULL, 30); 
INSERT INTO EMP ( EMPNO, ENAME, JOB, MGR, HIREDATE, SAL, COMM,
DEPTNO ) VALUES ( 
7902, 'FORD', 'ANALYST', 7566,  '1981-12-03'
, 3000, NULL, 20); 
INSERT INTO EMP ( EMPNO, ENAME, JOB, MGR, HIREDATE, SAL, COMM,
DEPTNO ) VALUES ( 
7934, 'MILLER', 'CLERK', 7782,  '1982-01-23'
, 1300, NULL, 10); 
commit;
 
INSERT INTO SALGRADE ( GRADE, LOSAL, HISAL ) VALUES ( 
1, 700, 1200); 
INSERT INTO SALGRADE ( GRADE, LOSAL, HISAL ) VALUES ( 
2, 1201, 1400); 
INSERT INTO SALGRADE ( GRADE, LOSAL, HISAL ) VALUES ( 
3, 1401, 2000); 
INSERT INTO SALGRADE ( GRADE, LOSAL, HISAL ) VALUES ( 
4, 2001, 3000); 
INSERT INTO SALGRADE ( GRADE, LOSAL, HISAL ) VALUES ( 
5, 3001, 9999); 
commit;

```

表的内容：

```
mysql> select * from dept;
+--------+------------+----------+
| DEPTNO | DNAME      | LOC      |
+--------+------------+----------+
|     10 | ACCOUNTING | NEW YORK |
|     20 | RESEARCH   | DALLAS   |
|     30 | SALES      | CHICAGO  |
|     40 | OPERATIONS | BOSTON   |
+--------+------------+----------+
4 rows in set (0.00 sec)

mysql> select * from emp;
+-------+--------+-----------+------+------------+---------+---------+--------+
| EMPNO | ENAME  | JOB       | MGR  | HIREDATE   | SAL     | COMM    | DEPTNO |
+-------+--------+-----------+------+------------+---------+---------+--------+
|  7369 | SMITH  | CLERK     | 7902 | 1980-12-17 |  800.00 |    NULL |     20 |
|  7499 | ALLEN  | SALESMAN  | 7698 | 1981-02-20 | 1600.00 |  300.00 |     30 |
|  7521 | WARD   | SALESMAN  | 7698 | 1981-02-22 | 1250.00 |  500.00 |     30 |
|  7566 | JONES  | MANAGER   | 7839 | 1981-04-02 | 2975.00 |    NULL |     20 |
|  7654 | MARTIN | SALESMAN  | 7698 | 1981-09-28 | 1250.00 | 1400.00 |     30 |
|  7698 | BLAKE  | MANAGER   | 7839 | 1981-05-01 | 2850.00 |    NULL |     30 |
|  7782 | CLARK  | MANAGER   | 7839 | 1981-06-09 | 2450.00 |    NULL |     10 |
|  7788 | SCOTT  | ANALYST   | 7566 | 1987-04-19 | 3000.00 |    NULL |     20 |
|  7839 | KING   | PRESIDENT | NULL | 1981-11-17 | 5000.00 |    NULL |     10 |
|  7844 | TURNER | SALESMAN  | 7698 | 1981-09-08 | 1500.00 |    0.00 |     30 |
|  7876 | ADAMS  | CLERK     | 7788 | 1987-05-23 | 1100.00 |    NULL |     20 |
|  7900 | JAMES  | CLERK     | 7698 | 1981-12-03 |  950.00 |    NULL |     30 |
|  7902 | FORD   | ANALYST   | 7566 | 1981-12-03 | 3000.00 |    NULL |     20 |
|  7934 | MILLER | CLERK     | 7782 | 1982-01-23 | 1300.00 |    NULL |     10 |
+-------+--------+-----------+------+------------+---------+---------+--------+
14 rows in set (0.00 sec)

mysql> select * from salgrade;
+-------+-------+-------+
| GRADE | LOSAL | HISAL |
+-------+-------+-------+
|     1 |   700 |  1200 |
|     2 |  1201 |  1400 |
|     3 |  1401 |  2000 |
|     4 |  2001 |  3000 |
|     5 |  3001 |  9999 |
+-------+-------+-------+
5 rows in set (0.00 sec)
```

### 查询字段 (DQL)

+ 任何一个 SQL 语句都以 `;` 结尾。
+ SQL 语句不区分大小写。
+ 查询多个字段使用 `,` 隔开。
+ 使用 `*` 查询全部字段。
  + 不建议使用，因为 `* ` 效率较低，编译器需要先将 `*` 转成全部字段后进行查询。

```mysql
mysql> select empno from emp;
+-------+
| empno |
+-------+
|  7369 |
|  7499 |
|  7521 |
|  7566 |
|  7654 |
|  7698 |
|  7782 |
|  7788 |
|  7839 |
|  7844 |
|  7876 |
|  7900 |
|  7902 |
|  7934 |
+-------+
14 rows in set (0.00 sec)

mysql> select empno, ename from emp;
+-------+--------+
| empno | ename  |
+-------+--------+
|  7369 | SMITH  |
|  7499 | ALLEN  |
|  7521 | WARD   |
|  7566 | JONES  |
|  7654 | MARTIN |
|  7698 | BLAKE  |
|  7782 | CLARK  |
|  7788 | SCOTT  |
|  7839 | KING   |
|  7844 | TURNER |
|  7876 | ADAMS  |
|  7900 | JAMES  |
|  7902 | FORD   |
|  7934 | MILLER |
+-------+--------+
14 rows in set (0.00 sec)

mysql> select * from emp;
+-------+--------+-----------+------+------------+---------+---------+--------+
| EMPNO | ENAME  | JOB       | MGR  | HIREDATE   | SAL     | COMM    | DEPTNO |
+-------+--------+-----------+------+------------+---------+---------+--------+
|  7369 | SMITH  | CLERK     | 7902 | 1980-12-17 |  800.00 |    NULL |     20 |
|  7499 | ALLEN  | SALESMAN  | 7698 | 1981-02-20 | 1600.00 |  300.00 |     30 |
|  7521 | WARD   | SALESMAN  | 7698 | 1981-02-22 | 1250.00 |  500.00 |     30 |
|  7566 | JONES  | MANAGER   | 7839 | 1981-04-02 | 2975.00 |    NULL |     20 |
|  7654 | MARTIN | SALESMAN  | 7698 | 1981-09-28 | 1250.00 | 1400.00 |     30 |
|  7698 | BLAKE  | MANAGER   | 7839 | 1981-05-01 | 2850.00 |    NULL |     30 |
|  7782 | CLARK  | MANAGER   | 7839 | 1981-06-09 | 2450.00 |    NULL |     10 |
|  7788 | SCOTT  | ANALYST   | 7566 | 1987-04-19 | 3000.00 |    NULL |     20 |
|  7839 | KING   | PRESIDENT | NULL | 1981-11-17 | 5000.00 |    NULL |     10 |
|  7844 | TURNER | SALESMAN  | 7698 | 1981-09-08 | 1500.00 |    0.00 |     30 |
|  7876 | ADAMS  | CLERK     | 7788 | 1987-05-23 | 1100.00 |    NULL |     20 |
|  7900 | JAMES  | CLERK     | 7698 | 1981-12-03 |  950.00 |    NULL |     30 |
|  7902 | FORD   | ANALYST   | 7566 | 1981-12-03 | 3000.00 |    NULL |     20 |
|  7934 | MILLER | CLERK     | 7782 | 1982-01-23 | 1300.00 |    NULL |     10 |
+-------+--------+-----------+------+------------+---------+---------+--------+
14 rows in set (0.00 sec)
```

#### 可以在查询语句中进行运算

+ 查询员工年薪（月薪 * 12）

```mysql
mysql> select ename, sal * 12 from emp;
+--------+----------+
| ename  | sal * 12 | # 也可以对查询后的字段重命名
+--------+----------+
| SMITH  |  9600.00 |
| ALLEN  | 19200.00 |
| WARD   | 15000.00 |
| JONES  | 35700.00 |
| MARTIN | 15000.00 |
| BLAKE  | 34200.00 |
| CLARK  | 29400.00 |
| SCOTT  | 36000.00 |
| KING   | 60000.00 |
| TURNER | 18000.00 |
| ADAMS  | 13200.00 |
| JAMES  | 11400.00 |
| FORD   | 36000.00 |
| MILLER | 15600.00 |
+--------+----------+
14 rows in set (0.00 sec)
```

#### `as` 对字段重命名

+ 使用 `as` 对参与数学运算的字段重命名
  + MySQL 不区分单引号与双引号。但建议使用单引号，因为在标准 SQL 中，字符串用单引号表示。
  + 如果重命名为中文，需要加上引号。
  + `as` 可以省略。

```mysql
mysql> select ename, sal * 12 as 'anual sal' from emp;
+--------+-----------+
| ename  | anual sal |
+--------+-----------+
| SMITH  |   9600.00 |
| ALLEN  |  19200.00 |
| WARD   |  15000.00 |
| JONES  |  35700.00 |
| MARTIN |  15000.00 |
| BLAKE  |  34200.00 |
| CLARK  |  29400.00 |
| SCOTT  |  36000.00 |
| KING   |  60000.00 |
| TURNER |  18000.00 |
| ADAMS  |  13200.00 |
| JAMES  |  11400.00 |
| FORD   |  36000.00 |
| MILLER |  15600.00 |
+--------+-----------+
14 rows in set (0.00 sec)
```