## 条件查询

​	必需按照以下顺序执行。

```mysql
select <字段> from <表名> where <条件>
```

### `=` 操作符

+ 查询工资等于 5000 的员工姓名

```mysql
mysql> select ename from emp where sal = 5000;
+-------+
| ename |
+-------+
| KING  |
+-------+
1 row in set (0.00 sec)
```

+ 查询 SMITH 的工资

```mysql
mysql> select sal from emp where ename = 'SMITH';
+--------+
| sal    |
+--------+
| 800.00 |
+--------+
1 row in set (0.00 sec)
```

### `<` `>` `<>`/`!=` 操作符

+ 查询工资高于 3000 的员工

```mysql
mysql> select ename from emp where sal > 3000;
+-------+
| ename |
+-------+
| KING  |
+-------+
1 row in set (0.00 sec)
```

+ 查询工资不等于 3000 的员工
  + 不等号可以使用 `<>` 也可以使用 `!=`

```mysql
mysql> select ename, sal from emp where sal <> 3000;
+--------+---------+
| ename  | sal     |
+--------+---------+
| SMITH  |  800.00 |
| ALLEN  | 1600.00 |
| WARD   | 1250.00 |
| JONES  | 2975.00 |
| MARTIN | 1250.00 |
| BLAKE  | 2850.00 |
| CLARK  | 2450.00 |
| KING   | 5000.00 |
| TURNER | 1500.00 |
| ADAMS  | 1100.00 |
| JAMES  |  950.00 |
| MILLER | 1300.00 |
+--------+---------+
12 rows in set (0.00 sec)
```

### `and` `between ... and ...`

+ 查询工资在 1100 和 3000 之间的员工，包括 1000 和 3000
  + 可以使用 `and` 将两个条件连起来
  + 也可以使用 `between ... and ...`
    + 是闭区间，[1000, 3000]
    + `and` 前面的数字必需大于 `and` 后面的数字，否则查询不到数据。
    + 可以使用在字符串上，但几乎用不到。
      + 如果使用在字符串上，左闭右开。

```mysql
mysql> select ename, sal from emp where sal >= 1100 and sal <= 3000;
+--------+---------+
| ename  | sal     |
+--------+---------+
| ALLEN  | 1600.00 |
| WARD   | 1250.00 |
| JONES  | 2975.00 |
| MARTIN | 1250.00 |
| BLAKE  | 2850.00 |
| CLARK  | 2450.00 |
| SCOTT  | 3000.00 |
| TURNER | 1500.00 |
| ADAMS  | 1100.00 |
| FORD   | 3000.00 |
| MILLER | 1300.00 |
+--------+---------+
11 rows in set (0.00 sec)

mysql> select ename, sal from emp where sal between 1100 and 3000;
+--------+---------+
| ename  | sal     |
+--------+---------+
| ALLEN  | 1600.00 |
| WARD   | 1250.00 |
| JONES  | 2975.00 |
| MARTIN | 1250.00 |
| BLAKE  | 2850.00 |
| CLARK  | 2450.00 |
| SCOTT  | 3000.00 |
| TURNER | 1500.00 |
| ADAMS  | 1100.00 |
| FORD   | 3000.00 |
| MILLER | 1300.00 |
+--------+---------+
11 rows in set (0.00 sec)

# select 使用在字符串上 左闭右开
mysql> select ename from emp where ename between 'A' and 'C';
+-------+
| ename |
+-------+
| ALLEN |
| BLAKE |
| ADAMS |
+-------+
3 rows in set (0.00 sec)

mysql> select ename from emp where ename between 'A' and 'D';
+-------+
| ename |
+-------+
| ALLEN |
| BLAKE |
| CLARK |
| ADAMS |
+-------+
4 rows in set (0.00 sec)
```

### `is null` `or`

+ 找出津贴为 `null` 的员工姓名
  + 津贴为 `0` 和津贴为 `	null` 都表示没有津贴
  + `null` 不是 `0`

```mysql
mysql> select ename from emp where comm is null;
+--------+
| ename  |
+--------+
| SMITH  |
| JONES  |
| BLAKE  |
| CLARK  |
| SCOTT  |
| KING   |
| ADAMS  |
| JAMES  |
| FORD   |
| MILLER |
+--------+
10 rows in set (0.00 sec)

# 找出没有津贴的员工姓名
mysql> select ename, comm from emp where comm is null or comm = 0;
+--------+------+
| ename  | comm |
+--------+------+
| SMITH  | NULL |
| JONES  | NULL |
| BLAKE  | NULL |
| CLARK  | NULL |
| SCOTT  | NULL |
| KING   | NULL |
| TURNER | 0.00 |
| ADAMS  | NULL |
| JAMES  | NULL |
| FORD   | NULL |
| MILLER | NULL |
+--------+------+
11 rows in set (0.00 sec)
```

+ 找出津贴不为 `null` 的员工

```mysql
mysql> select ename, comm from emp where comm is not null;
+--------+---------+
| ename  | comm    |
+--------+---------+
| ALLEN  |  300.00 |
| WARD   |  500.00 |
| MARTIN | 1400.00 |
| TURNER |    0.00 |
+--------+---------+
4 rows in set (0.00 sec)

```

#### `in` (选择一个字段的多个情况)

+ 找出工作岗位是 `manager` 和 `salesman` 的员工

```mysql
mysql> select ename, job from emp where job = 'MANAGER' or job = 'SALESMAN';
+--------+----------+
| ename  | job      |
+--------+----------+
| ALLEN  | SALESMAN |
| WARD   | SALESMAN |
| JONES  | MANAGER  |
| MARTIN | SALESMAN |
| BLAKE  | MANAGER  |
| CLARK  | MANAGER  |
| TURNER | SALESMAN |
+--------+----------+
7 rows in set (0.00 sec)
```

+ 使用 `in`
+ `in` 后面的括号不表示区间，只表示集合。

```mysql
mysql> select ename, job from emp where job in ('SALESMAN', 'MANAGER');
+--------+----------+
| ename  | job      |
+--------+----------+
| ALLEN  | SALESMAN |
| WARD   | SALESMAN |
| JONES  | MANAGER  |
| MARTIN | SALESMAN |
| BLAKE  | MANAGER  |
| CLARK  | MANAGER  |
| TURNER | SALESMAN |
+--------+----------+
7 rows in set (0.00 sec)
```





#### `and` 和 `or` 的优先级

+ 找出薪资大于 1000 并且部门编号为 20 或 30 的员工。
+ `and` 优先级大于 `or`
+ 运算符优先级不确定时，加小括号。

```mysql
mysql> select ename, sal, deptno from emp where sal > 1000 and (deptno = 20 or deptno = 30);
+--------+---------+--------+
| ename  | sal     | deptno |
+--------+---------+--------+
| ALLEN  | 1600.00 |     30 |
| WARD   | 1250.00 |     30 |
| JONES  | 2975.00 |     20 |
| MARTIN | 1250.00 |     30 |
| BLAKE  | 2850.00 |     30 |
| SCOTT  | 3000.00 |     20 |
| TURNER | 1500.00 |     30 |
| ADAMS  | 1100.00 |     20 |
| FORD   | 3000.00 |     20 |
+--------+---------+--------+
9 rows in set (0.00 sec)

mysql> select ename, sal, deptno from emp where sal > 1000 and deptno = 20 or deptno = 30;
+--------+---------+--------+
| ename  | sal     | deptno |
+--------+---------+--------+
| ALLEN  | 1600.00 |     30 |
| WARD   | 1250.00 |     30 |
| JONES  | 2975.00 |     20 |
| MARTIN | 1250.00 |     30 |
| BLAKE  | 2850.00 |     30 |
| SCOTT  | 3000.00 |     20 |
| TURNER | 1500.00 |     30 |
| ADAMS  | 1100.00 |     20 |
| JAMES  |  950.00 |     30 | 
| FORD   | 3000.00 |     20 |
+--------+---------+--------+
10 rows in set (0.00 sec)
```

### `like` 模糊查询

+ 在模糊查询中有两个通配符
  + `%` 表示任意多个字符
  + `_ ` 表示任意 1 个字符

+ 找出名字中有 O 的员工

```mysql
mysql> select ename from emp where ename like '%O%';
+-------+
| ename |
+-------+
| JONES |
| SCOTT |
| FORD  |
+-------+
3 rows in set (0.00 sec)
```

+ 找出名字第二个字母是 A 的员工

```mysql
mysql> select ename from emp where ename like '_A%';
+--------+
| ename  |
+--------+
| WARD   |
| MARTIN |
| JAMES  |
+--------+
3 rows in set (0.00 sec)
```

### `distinct` 查询结果去重

+ `distinct` 只能出现在所有字段的最前面。

```mysql
mysql> select distinct job from emp;
+-----------+
| job       |
+-----------+
| CLERK     |
| SALESMAN  |
| MANAGER   |
| ANALYST   |
| PRESIDENT |
+-----------+
5 rows in set (0.00 sec)
```

+ 查询有多少种岗位

```mysql
mysql> select count(distinct job) from emp;
+---------------------+
| count(distinct job) |
+---------------------+
|                   5 |
+---------------------+
1 row in set (0.00 sec)
```

