## 排序 `order by`

### 升序 `asc`

+ 查找员工名和工资，按照工资升序排列
+ 使用 `order by` 默认是升序，也可以使用 `asc` 关键字指定升序。 

```mysql
mysql> select ename, sal from emp order by sal;
# 或者 select ename, sal from emp order by sal asc;
+--------+---------+
| ename  | sal     |
+--------+---------+
| SMITH  |  800.00 |
| JAMES  |  950.00 |
| ADAMS  | 1100.00 |
| WARD   | 1250.00 |
| MARTIN | 1250.00 |
| MILLER | 1300.00 |
| TURNER | 1500.00 |
| ALLEN  | 1600.00 |
| CLARK  | 2450.00 |
| BLAKE  | 2850.00 |
| JONES  | 2975.00 |
| SCOTT  | 3000.00 |
| FORD   | 3000.00 |
| KING   | 5000.00 |
+--------+---------+
14 rows in set (0.00 sec)
```



### 降序 `desc`

+  使用 `desc` 指定降序

```mysql
mysql> select ename, sal from emp order by sal desc;
+--------+---------+
| ename  | sal     |
+--------+---------+
| KING   | 5000.00 |
| SCOTT  | 3000.00 |
| FORD   | 3000.00 |
| JONES  | 2975.00 |
| BLAKE  | 2850.00 |
| CLARK  | 2450.00 |
| ALLEN  | 1600.00 |
| TURNER | 1500.00 |
| MILLER | 1300.00 |
| WARD   | 1250.00 |
| MARTIN | 1250.00 |
| ADAMS  | 1100.00 |
| JAMES  |  950.00 |
| SMITH  |  800.00 |
+--------+---------+
14 rows in set (0.00 sec)
```

+ 按照工资的降序排列，工资相同时按照名字的升序排列。
+ `order by` 后面可以跟数字，表示第几列。（不建议这样使用）

```mysql
# asc 可以省略
mysql> select ename, sal from emp order by sal desc, ename asc;
+--------+---------+
| ename  | sal     |
+--------+---------+
| KING   | 5000.00 |
| FORD   | 3000.00 | #
| SCOTT  | 3000.00 | #
| JONES  | 2975.00 |
| BLAKE  | 2850.00 |
| CLARK  | 2450.00 |
| ALLEN  | 1600.00 |
| TURNER | 1500.00 |
| MILLER | 1300.00 |
| MARTIN | 1250.00 | #
| WARD   | 1250.00 | #
| ADAMS  | 1100.00 |
| JAMES  |  950.00 |
| SMITH  |  800.00 |
+--------+---------+
14 rows in set (0.00 sec)
```

####  `order by` 与其他关键字连用

+ 找出工作岗位是 SALESMAN 的员工名和工资，按工资降序排列。

```mysql
mysql> select
    ->  ename, job, sal
    -> from
    ->  emp
    -> where
    ->  job = 'SALESMAN'
    -> order by
    ->  sal desc;
+--------+----------+---------+
| ename  | job      | sal     |
+--------+----------+---------+
| ALLEN  | SALESMAN | 1600.00 |
| TURNER | SALESMAN | 1500.00 |
| WARD   | SALESMAN | 1250.00 |
| MARTIN | SALESMAN | 1250.00 |
+--------+----------+---------+
4 rows in set (0.00 sec)
```

#### SQL 语句的执行顺序

```
select
	字段		3
from
	表名		1
where
	条件		2
order by
	字段;		4
```

