## 单行处理函数

+ 单行处理函数：输入一行，输出一行。

+ 计算每个员工的年薪（包括津贴 `comm`）
  + **所有数据库**中，有 `NULL` 参与运算的结果为 `NULL`。

```mysql
mysql> select ename, (sal + comm) * 12 as yearsal from emp;
+--------+----------+
| ename  | yearsal  |
+--------+----------+
| SMITH  |     NULL |
| ALLEN  | 22800.00 |
| WARD   | 21000.00 |
| JONES  |     NULL |
| MARTIN | 31800.00 |
| BLAKE  |     NULL |
| CLARK  |     NULL |
| SCOTT  |     NULL |
| KING   |     NULL |
| TURNER | 18000.00 |
| ADAMS  |     NULL |
| JAMES  |     NULL |
| FORD   |     NULL |
| MILLER |     NULL |
+--------+----------+
14 rows in set (0.00 sec)
```

### `ifnull()` 空值处理函数

+ 用法：`ifnull(可能为 NULL 的数据, 被当作什么处理)`
+ 在上面计算员工年薪（包括津贴）的例子中，应该把为 `NULL` 的津贴当作 0 处理，即 `ifnull(comm, 0)`。

```mysql
mysql> select ename, (sal + ifnull(comm, 0)) * 12 as yearsal from emp;
+--------+----------+
| ename  | yearsal  |
+--------+----------+
| SMITH  |  9600.00 |
| ALLEN  | 22800.00 |
| WARD   | 21000.00 |
| JONES  | 35700.00 |
| MARTIN | 31800.00 |
| BLAKE  | 34200.00 |
| CLARK  | 29400.00 |
| SCOTT  | 36000.00 |
| KING   | 60000.00 |
| TURNER | 18000.00 |
| ADAMS  | 13200.00 |
| JAMES  | 11400.00 |
| FORD   | 36000.00 |
| MILLER | 15600.00 |
+--------+----------+
14 rows in set (0.00 sec)
```

## `group by` & `having`

+ `group by`：按照某个字段或者某些字段进行分组。
  + 分组函数一般都会和 `group by` 联用
  + 任何一个分组函数都是在 `group by` 语句执行结束之后执行
  + 如果一条 SQL 语句没有 `group by`，整张表的数据会自成一组
+ `having`：对分组之后的数据进行再次过滤。

---

+ 找出每个工作岗位的最高薪资。

```mysql
mysql> select max(sal), job from emp group by job;
+----------+-----------+
| max(sal) | job       |
+----------+-----------+
|  1300.00 | CLERK     |
|  1600.00 | SALESMAN  |
|  2975.00 | MANAGER   |
|  3000.00 | ANALYST   |
|  5000.00 | PRESIDENT |
+----------+-----------+
5 rows in set (0.00 sec)

# 以下语句在 MySQL 中可以执行，但没有意义
# 在 Oracle 中不能执行
# 因为 Oracle 语法是严谨的；MySQL 语法是松散的
mysql> select ename, max(sal), job from emp group by job;
+-------+----------+-----------+
| ename | max(sal) | job       |
+-------+----------+-----------+
| SMITH |  1300.00 | CLERK     |
| ALLEN |  1600.00 | SALESMAN  |
| JONES |  2975.00 | MANAGER   |
| SCOTT |  3000.00 | ANALYST   |
| KING  |  5000.00 | PRESIDENT |
+-------+----------+-----------+
5 rows in set (0.00 sec)
```

+ 如果一条 SQL 语句中有 `group by` 那么 `select` 后面只允许存在参加分组的字段和分组函数。

+ 找出每个工作岗位的平均薪资

```mysql
mysql> select job, avg(sal) from emp group by job;
+-----------+-------------+
| job       | avg(sal)    |
+-----------+-------------+
| CLERK     | 1037.500000 |
| SALESMAN  | 1400.000000 |
| MANAGER   | 2758.333333 |
| ANALYST   | 3000.000000 |
| PRESIDENT | 5000.000000 |
+-----------+-------------+
5 rows in set (0.00 sec)
```

#### 多字段联合分组

+ 找出每个部门不同工作岗位的最高薪资

```mysql
mysql> select deptno, job, max(sal) from emp group by deptno, job;
+--------+-----------+----------+
| deptno | job       | max(sal) |
+--------+-----------+----------+
|     20 | CLERK     |  1100.00 |
|     30 | SALESMAN  |  1600.00 |
|     20 | MANAGER   |  2975.00 |
|     30 | MANAGER   |  2850.00 |
|     10 | MANAGER   |  2450.00 |
|     20 | ANALYST   |  3000.00 |
|     10 | PRESIDENT |  5000.00 |
|     30 | CLERK     |   950.00 |
|     10 | CLERK     |  1300.00 |
+--------+-----------+----------+
9 rows in set (0.00 sec)
```

#### `having`

+ 找出每个部门的最高薪资，显示薪资大于 2900 的。

```mysql
# 这样写效率低，因为先计算了最大值再进行筛选
mysql> select deptno, max(sal) from emp group by deptno having max(sal) > 2900;
+--------+----------+
| deptno | max(sal) |
+--------+----------+
|     20 |  3000.00 |
|     10 |  5000.00 |
+--------+----------+

# 先过滤数据，再计算最大值
mysql> select deptno, max(sal) from emp where sal > 2900 group by deptno;
+--------+----------+
| deptno | max(sal) |
+--------+----------+
|     20 |  3000.00 |
|     10 |  5000.00 |
+--------+----------+
2 rows in set (0.00 sec)
```

+ 找出每个部门的平均薪资，显示薪资大于 2000 的。

```mysql
mysql> select deptno, avg(sal) from emp group by deptno having avg(sal) > 2000;
+--------+-------------+
| deptno | avg(sal)    |
+--------+-------------+
|     20 | 2175.000000 |
|     10 | 2916.666667 |
+--------+-------------+
2 rows in set (0.00 sec)
```



