## 子查询

​	`select` 语句中可以嵌套 `select` 语句，嵌套的 `select` 语句就是子查询。子查询可以出现在 `select` `from` `where` 子句中。

### `where` 子句中的子查询

+ 找出高于平均薪资的员工。

```mysql
mysql> select
    ->  ename, sal
    -> from
    ->  emp
    -> where
    ->  sal > (select avg(sal) from emp);
+-------+---------+
| ename | sal     |
+-------+---------+
| JONES | 2975.00 |
| BLAKE | 2850.00 |
| CLARK | 2450.00 |
| SCOTT | 3000.00 |
| KING  | 5000.00 |
| FORD  | 3000.00 |
+-------+---------+
6 rows in set (0.00 sec)
```

### `from` 子句中的子查询

+ 找出`每个部门` `平均工资` 的 `等级`

```mysql
mysql> select
    ->  d.dname, d.sal, sg.grade
    -> from
    ->  (select
    ->    d.dname, avg(e.sal) sal
    ->   from
    ->    emp e
    ->   right join
    ->    dept d
    ->   on
    ->    e.deptno = d.deptno
    ->   group by
    ->    d.dname) d
    -> left join
    ->  salgrade sg
    -> on
    ->  d.sal between sg.losal and sg.hisal;
+------------+-------------+-------+
| dname      | sal         | grade |
+------------+-------------+-------+
| ACCOUNTING | 2916.666667 |     4 |
| RESEARCH   | 2175.000000 |     4 |
| SALES      | 1566.666667 |     3 |
| OPERATIONS |        NULL |  NULL |
+------------+-------------+-------+
4 rows in set (0.00 sec)
```

+ 找出`每个部门` `员工工资等级` 的 `平均值`

```mysql
mysql> select
    ->  dname, avg(grade)
    -> from
    ->  (select
    ->  e.deptno, sg.grade
    ->     from
    ->         emp e
    ->     join
    ->         salgrade sg
    ->     on
    ->         e.sal between sg.losal and sg.hisal) s
    -> right join
    ->  dept d
    -> on
    ->  d.deptno = s.deptno
    -> group by
    ->  dname;
+------------+------------+
| dname      | avg(grade) |
+------------+------------+
| ACCOUNTING |     3.6667 |
| RESEARCH   |     2.8000 |
| SALES      |     2.5000 |
| OPERATIONS |       NULL |
+------------+------------+
4 rows in set (0.00 sec)
```

### `select` 子句中的子查询

+ 找出每个员工所在的部门名称，要求显示员工名和部门名。

```mysql
select
	e.ename,
	(select 
     	d.dname 
     from 
     	dept d 
     where 
     	e.deptno = d.deptno) dname
from
	emp e;
```

