## 其他语句

### `create table` 建表

​	语法：

```mysql
create table 表名(
	字段名1 数据类型,
	字段名2 数据类型,
	...
);
```

#### MySQL 字段数据类型

+ `int` 整数型 `int`
+ `bigint` 长整型 `long`
+ `float` 浮点型 `float` `double`
+ `char` 定长字符串 `String`
  + 固定分配存储空间
  + 不需要做 if 判断，直接分配定长
+ `varchar` 可变长字符串 `StringBuffer` `StringBuilder`
  + 根据实际数据大小动态分配储存空间
  + 需要做 if 判断
+ `date` 日期类型 `java.sql.Date`
+ `BLOB` 二进制大对象 Binary Large OBject（存储图片、视频等流媒体信息）`Object`
+ `CLOB` 字符大对象 Character Large OBject（存储较大文本）`Object`

---

+ 创建学生表
  + 学号
  + 姓名
  + 性别
  + 班级编号 
  + 生日

```mysql
create table t_student(
	no bigint,
	name varchar(255),
	gender char(1),
	classno varchar(255),
	birth char(10)
);
```

### `drop table` 删表

​	语法：

```mysql
drop table if exist t_student;
```

### 表的复制

​	语法：

```mysql
create table 表名 as select语句;
```

​	将查询的结果创建为表。

### 将查询结果插入到表

​	语法：

```mysql
insert into 表名 select语句;
```

### `insert` 插入数据

​	一条 `insert` 语句执行成功之后，表中一定会多一条记录。

​	语法：

```mysql
insert into 表名(字段名1, 字段名2, ...) values(值1, 值2, ...)
```

​	要求字段的数量和值的数量相同，数据类型对应相同。

+ 插入数据：

```mysql
insert into t_student(no,
                      name,
                      gender,
                      classno,
                      birth)
		   values(1,
                   'zhangsan',
                   '1',
                   'grade3class1',
                   '2000-10-12');
```

+ 字段名可以省略，如果省略，数据的顺序和数量不允许出错。

```mysql
insert into t_student values(1,
                             'zhangsan',
                             '1',
                             'grade3class1',
                             '2000-10-12');
```

+ 可以同时插入多行数据

```mysql
insert into t_student(no, name, gender, classno, birth)
values(2, 'jack', '1', 'grade3class2', '2000-10-16'),
      (3, 'rose', '0', 'grade3class1', '1999-09-09');
```

### `update` 修改数据

​	语法：

```mysql
update 表名 set 字段名1 = 值1, 字段名2 = 值2, ... where 条件;
```

​	修改多个字段使用逗号隔开；没有条件则整张表数据全部更新。

```mysql
mysql> update t_student set name = 'alan', no = 10 where no = 1;
Query OK, 1 row affected (0.01 sec)
Rows matched: 1  Changed: 1  Warnings: 0
mysql> select * from t_student;
+------+------+--------+--------------+------------+
| no   | name | gender | classno      | birth      |
+------+------+--------+--------------+------------+
|   10 | alan | 1      | grade3class1 | 2000-10-12 |
|    2 | jack | 1      | grade3class2 | 2000-10-16 |
|    3 | rose | 0      | grade3class1 | 1999-09-09 |
+------+------+--------+--------------+------------+
3 rows in set (0.00 sec)
```

### `delete` 删除数据

​	语法：

```mysql
delete from 表名 where 条件;
```

​	没有条件则删除全部数据。

```mysql
mysql> delete from t_student where no = 10;
Query OK, 1 row affected (0.00 sec)

mysql> select * from t_student;
+------+------+--------+--------------+------------+
| no   | name | gender | classno      | birth      |
+------+------+--------+--------------+------------+
|    2 | jack | 1      | grade3class2 | 2000-10-16 |
|    3 | rose | 0      | grade3class1 | 1999-09-09 |
+------+------+--------+--------------+------------+
2 rows in set (0.00 sec)
```

​	`delete` 删除大表速度较慢，因为没有删除真实的物理空间，可以回滚。可以使用 `truncate` 截断表，只留表头，这种方法不可回滚。

